filename,facade_area_px,window_area_px,wwr,split
RS_1345_montgomery_jpg.rf.4e9394407a4d5040ac39d563e485a8e3.jpg,1253115.2,222231.2,0.177,train
CMX_2216_frank_update_jpg.rf.dfeb7ea70c3f223f9bec9d9102ff5d68.jpg,1079351.2,142857.4,0.132,train
CMX_1853_blair_png.rf.2d904c976437a8a7e8a488120ea06310.jpg,744044.8,167003.4,0.224,train
RS_1310_e_hewson_png.rf.9d0d862373b10a0ece02d822a83b1e16.jpg,1098342.6,117272.0,0.107,train
RS_1118_ecol_jpg.rf.0bb9e7e6d2c3d03318959291ed8062b3.jpg,1366765.7,114876.4,0.084,train
RS_2218_almond_jpg.rf.2aa2c1766cf9701796c062ab9bf9b59d.jpg,1258111.7,246864.5,0.196,train
CMX_1832_frank_jpg.rf.fcf29fbb25f85ce2dd56d03bf3ac53b5.jpg,1425309.1,293455.7,0.206,train
CMX_2220_22_e_sus_jpg.rf.39a229d74df8cd029d7b3a197ee4ea51.jpg,1423031.8,308314.3,0.217,train
CMX_451_e_gir_jpg.rf.8f64fa415017d9801684eab11302221e.jpg,1431460.0,176036.7,0.123,train
RS_2207_almond_jpg.rf.e7146e7c1771159d195b2dd59446f3dd.jpg,1257680.5,243027.1,0.193,train
RS_1340_e_hewson_png.rf.eac652886f99ad7f7a112536120f3fc0.jpg,1001241.1,115467.0,0.115,train
RS_846_almond_jpg.rf.63557d3e0ee08f2b2ff4f8a1563b5156.jpg,1261015.4,272558.2,0.216,train
RS_1325_e_hewson_png.rf.cf8f660eaae8810f76319d4420db4693.jpg,1047523.9,106713.2,0.102,train
CMX_1346_marlb_jpg.rf.904e72a0a6df58bf358966b606fe6622.jpg,1129197.0,146430.2,0.13,train
RS_1107_ecol_jpg.rf.0210a08f3799280fd10eabd1625ea8c6.jpg,1456702.3,224633.0,0.154,train
RS_1421_ewilt_png.rf.d91fa782783c1c0c0e20ffdd1dda26fc.jpg,1538129.8,341970.7,0.222,train
RS_2216_almond_jpg.rf.726190999cf4d855f4988c4c5ca2b53a.jpg,1500303.6,274496.0,0.183,train
RS_1320_e_hewson_png.rf.2408c1d7e5c1343023193fe6356d9732.jpg,616651.8,115850.6,0.188,train
RS_1401_marlborough_jpg.rf.f33ef1babd4b32320bc3666eb9df1cea.jpg,1248575.8,219465.6,0.176,train
RS_2307_e_sus_jpg.rf.3a58a107239b6ea5bf93b35dc9992c9c.jpg,1432590.8,237110.9,0.166,train
RS_1300_marlborough_png.rf.b4e41a2bee076a9e0d42ed559ead00c1.jpg,1365664.9,248267.2,0.182,train
CMX_447-49_e_gir_jpg.rf.b6a8d5fd0bdcfd80b3125da56d55e031.jpg,1313660.4,151473.6,0.115,train
RS_1358_crease_jpg.rf.3eb897ea38516f46825fec310b8b86d9.jpg,1404870.4,194695.9,0.139,train
CMX_1546_48_frank_jpg.rf.1d100bb29bf3fd27a20ca732fcc2cf1e.jpg,1372461.5,328645.9,0.239,train
CMX_431_e_gir_jpg.rf.904f925fb9d83781b899df3e4418e8be.jpg,1246699.7,89623.5,0.072,train
CMX_2026_frank_jpg.rf.9805b70987fab76e4ca76d74a2ca9b1e.jpg,1562398.4,489831.2,0.314,train
RS_2326_almond_jpg.rf.d4d97564f517ad6de03c6ae56cbb9c54.jpg,1292940.2,258068.5,0.2,train
RS_1230_ecol_jpg.rf.a393889ec649572e83861639c15c5a11.jpg,1470811.0,335179.8,0.228,train
CMX_1514_16_frank_update_jpg.rf.6414d7ff441548807f5744f68ba27ed5.jpg,0.0,0.0,,train
CMX_204_e_girard_jpg.rf.99216f64606a85ad8b9bf0a4e7e24c7b.jpg,1205041.3,159069.4,0.132,train
CMX_1830_frank_jpg.rf.f5383e7f637680765ef295f3ed8aa349.jpg,1506687.4,199343.3,0.132,train
CMX_1862_frank_jpg.rf.3fad6c2f6bd3364959213b127d3c9073.jpg,1538455.1,431869.8,0.281,train
CMX_1342_marlb_jpg.rf.739e8294a2250072ef09c428d716b294.jpg,1177952.8,137208.6,0.116,train
CMX_2325_frank_jpg.rf.2c358e6e8c57e31c301523f07882d919.jpg,1521588.0,221758.1,0.146,train
CMX_1867_blair_png.rf.4e7afefa7b8a8f204c0e09c0992f4190.jpg,992367.8,207973.8,0.21,train
RS_856_almond_jpg.rf.ae2c166c637cc2dc618a61d9849afe43.jpg,1351914.4,264347.4,0.196,train
RS_2213_e_sus_jpg.rf.9c6bf27ba39fb1da989eccc8ded9ca95.jpg,1244163.0,307974.5,0.248,train
CMX_419_e_gir-_jpg.rf.1fa1b5df59a83f4702727b328117e02d.jpg,1403363.7,176576.8,0.126,train
RS_2149_e_norris_jpg.rf.d6b56e60503bb72faa445052be1d6cbb.jpg,1475278.3,268894.2,0.182,train
CMX_1845_blair_jpg.rf.a795d3ba0a0b58d98a0ba91f7523d486.jpg,1389561.4,204655.9,0.147,train
CMX_2232_frank_jpg.rf.3797566cfd1d90fa834f88f3445b6bd3.jpg,1563935.9,529334.0,0.338,train
RS_1226_oxford_jpg.rf.b3b9e49cb0427bdb42a967fd1d42b88f.jpg,1338968.3,185306.9,0.138,train
RS_419_moyer_png.rf.3db0752fd5696cae973ef0eb162e2aed.jpg,1445133.0,259461.8,0.18,train
RS_1409_ewilt_png.rf.3ac14e36a3826fada9276d664aada34f.jpg,1522267.3,346613.1,0.228,train
RS_2211_e_sus_jpg.rf.da86ac9958af82aa9e89dd4b264cf00f.jpg,1176665.3,250079.8,0.213,train
RS_2018_trenton_jpg.rf.3f95a9e375046fd97424efd0f2b6650a.jpg,1136584.8,185096.3,0.163,train
CMX_2030_frank_jpg.rf.28921845b26cd976008676c6bb25360a.jpg,1418211.6,209082.9,0.147,train
RS_1446_ewilt_png.rf.724ed32c4c74f55852e9a60c6cd35202.jpg,1395497.4,256085.4,0.184,train
RS_1462_ewilt_png.rf.82985503a7bc0cb3711d58f6bc895859.jpg,1596764.3,431500.6,0.27,train
RS_833_almond_jpg.rf.b55915c175734a892de348b69852378d.jpg,1436348.4,333734.8,0.232,train
RS_1237_39_day_png.rf.af1efb48c636f5d7ad68903b3c550941.jpg,1259008.0,188256.7,0.15,train
CMX_1822_frank_jpg.rf.a30329063c16f448e731fc8a1d836e0a.jpg,1387662.8,346935.5,0.25,train
RS_1243_day_png.rf.e7229357a7daf463416a5a15a69d69d7.jpg,984779.6,151523.1,0.154,train
RS_2331_almond_jpg.rf.7b3274b01b4459dd03d6515f07a60b60.jpg,1328888.6,249561.7,0.188,train
RS_1313_e_hewson_png.rf.12f142e6c4e1476959867a647b7537d5.jpg,1038469.7,240081.7,0.231,train
RS_1356_crease_jpg.rf.44d154c380614af7a7c93fa6f96cfafa.jpg,1511902.0,285681.7,0.189,train
RS_1476_ewilt_png.rf.fdfe7bf9561c5d35a5e099c037d4813e.jpg,1378899.5,218056.9,0.158,train
CMX_2003_frank_png.rf.e98e750a6f1a2c2710d649587a96865c.jpg,1189478.7,296850.2,0.25,train
RS_825_almond_jpg.rf.6c536cce5596c8eeb94d5d9e8b4a08b9.jpg,1311820.8,271414.6,0.207,train
RS_1247_day_png.rf.d246691ecfd152a1f953b67846839e51.jpg,1260059.3,139836.0,0.111,train
RM_1767_frank_jpg.rf.717c528a5229b553de781e03eeaf01e0.jpg,1437446.9,360260.8,0.251,train
CMX_1852_frank_jpg.rf.e75a427ba168fd22a2dfec5f6edeff07.jpg,1480539.0,386934.3,0.261,train
RS_1217_epalmer_png.rf.f3a1a3bfb5f7983f42fa2f79e38482fe.jpg,1429507.7,175201.0,0.123,train
RS_453_moyer_png.rf.b9058d231df6cbf6667d882ff571d34a.jpg,1455796.6,258354.5,0.177,train
RS_211_mercer_jpg.rf.948266f1a8ab8bb3aba4975ee9e101c5.jpg,1256148.5,181708.3,0.145,train
RS_1443_ecol_jpg.rf.03b30d0c7d127da3a6e98eb18735eee6.jpg,1345203.7,231289.1,0.172,train
RS_1349_e_hewson_png.rf.4b30661646f054a39f63168ece9ef852.jpg,736802.7,64106.3,0.087,train
RS_329_belgrade_jpg.rf.123e69098127b3f6f748060720f2eb85.jpg,1130420.8,293571.5,0.26,train
RS_1131_shackamaxon_jpg.rf.5441e11142a0ad7510c324247fe145d7.jpg,1193956.5,126390.5,0.106,train
CMX_1500_frank_jpg.rf.438ffe00e172147d0fab3d0e755d3a98.jpg,1282477.8,239105.3,0.186,train
RS_1354_crease_jpg.rf.cd87e72ea5cef57a2a732c04f6b6ad84.jpg,1442025.0,114708.5,0.08,train
CMX_2221_trent_png.rf.aa9247a2d93ae37be0b5d89bd304106e.jpg,776528.5,175544.3,0.226,train
RS_814_almond_jpg.rf.638d63e5019c45620b5b5bc46020db06.jpg,1362220.6,273139.6,0.201,train
RS_425_439_moyer_png.rf.1446cb22c3de02815c3f7862adf29e78.jpg,1596761.5,277552.4,0.174,train
RS_445_miller_png.rf.be934849a8ac8b1f6cb3ec89f138d00c.jpg,1450695.2,332712.4,0.229,train
RS_1307_montgomery_jpg.rf.559f748d90f70a6d2986ad5835e1936a.jpg,996213.9,155694.4,0.156,train
RS_2219_e_sus_jpg.rf.6cd0758a4f36e92e2493290bef6ce50f.jpg,1294052.1,226206.7,0.175,train
RS_203_e_wildey_jpg.rf.da97e6bd8652800ccc3488ee94b9b071.jpg,1318002.6,197506.7,0.15,train
CMX_411_e_gir_jpg.rf.46e16e8a3e69ab4ef6eb25824cecac06.jpg,1252995.3,145772.8,0.116,train
RS_2209_almond_jpg.rf.5c8706b7650a609db125cee96c51b171.jpg,1243008.7,330697.8,0.266,train
RS_1412_emerick_jpg.rf.7a0135a4a585760e797f9b29171c4ce4.jpg,998347.4,153827.8,0.154,train
RS_808_almond_jpg.rf.702c1e4b00b88cf3ba6da1cef72796f9.jpg,1423929.7,308995.9,0.217,train
CMX_1444_frank_png.rf.7a99cc444a8ecb1bca02a26d68a61de2.jpg,1338774.2,207056.9,0.155,train
RS_2309_almond_jpg.rf.47c373310bc8196bab6edd592e4f8f4e.jpg,1336323.0,191364.3,0.143,train
RS_1359_e_hewson_png.rf.d9cf47131152a2da8720b16bd228fa4e.jpg,780392.9,143756.6,0.184,train
RS_455_moyer_png.rf.eec16d5308de6f9d56a81475e2114388.jpg,1563991.8,185786.4,0.119,train
RS_2329_almond_jpg.rf.678c5f4a806ae419752a156ee6d8a4f4.jpg,1371271.9,241937.7,0.176,train
RS_1360_crease_jpg.rf.70209b9d9ed5393030ac7cc1edce0397.jpg,1320992.3,209213.6,0.158,train
RS_1331_e_hewson_png.rf.9235f2227eba90a5bc012b6389927b35.jpg,814214.4,71578.5,0.088,train
RS_1483_ewilt_png.rf.a1c81b6429faf32a3b7156d115d40361.jpg,1442332.9,300025.0,0.208,train
RS_2166_e_norris_jpg.rf.4cbdd2f9580099e8262aea1b5304e532.jpg,1285504.8,281248.9,0.219,train
RS_1219_oxford_jpg.rf.9238770ac702608c0342a6b94e7d665a.jpg,1153825.2,320608.7,0.278,train
RS_1351_e_hewson_png.rf.0997ae8892f0986ed2d9f3e9c33547db.jpg,1012320.7,191521.2,0.189,train
CMX_1144_frank_jpg.rf.40f6b4591d70d66476da8c835df73fd9.jpg,970965.1,344490.7,0.355,train
CMX_1837_blair_png.rf.c42566e31203f155fc7f2dd52100a558.jpg,1247013.8,249626.5,0.2,train
CMX_1510_frank_jpg.rf.a2168ff3a6e4410dcabe5e5690a1aeda.jpg,1535347.0,455322.2,0.297,train
RS_1223_day_png.rf.ceb50e8d6120aade129063a536fe02e1.jpg,1328814.0,314205.8,0.236,train
RS_1485_ewilt_png.rf.4b67df3713f50d8ef0c0c743c13b3787.jpg,1551903.2,280670.6,0.181,train
RS_2315_e_sus_jpg.rf.44822eb9646579ba48c09df87da564dd.jpg,1056536.1,122416.1,0.116,train
RS_2210_18_e_sus_jpg.rf.534100651c989629712683e17b787dbb.jpg,1137917.1,155180.1,0.136,train
RS_2411_e_norris_jpg.rf.0ba72103bb3568b6679c8a2fd5b81c94.jpg,1522448.3,222231.9,0.146,train
RS_2320_almond_jpg.rf.35ac76d9300ab6716a53019676068361.jpg,1146255.8,221537.1,0.193,train
RS_1348_crease_jpg.rf.d4f13226c964ad3cd8e000e74abf3c11.jpg,1398294.0,124882.5,0.089,train
RS_1336_ecol_jpg.rf.dbc8c469049d9f83425d64c7dfdc653d.jpg,1232689.2,227012.1,0.184,train
RS_332_belgrade_jpg.rf.8d2195ee7f6cf42ac9a22b5099917593.jpg,1424635.7,173907.8,0.122,train
RS_215_ethompson_png.rf.ce7fed4e9cf614cea49981c117becb72.jpg,1451695.0,283280.7,0.195,train
RS_423_moyer_png.rf.730ad8e6c970b85661058c362a7a2178.jpg,1582153.7,181439.5,0.115,train
RS_1407_ewilt_png.rf.e41f749b5437aca6cb1d9c656aca16d7.jpg,1278548.9,121914.7,0.095,train
RS_446_miller_jpg.rf.377d84cbb151fe1d7daa5290dd184c46.jpg,1091752.6,110086.4,0.101,train
RS_838_almond_jpg.rf.f56d541bc54a6779b2fe721d8ea5a270.jpg,1432414.9,295589.5,0.206,train
RS_1417_ewilt_jpg.rf.7143a512cf125346892643eee800dc8c.jpg,1141377.0,315253.3,0.276,train
RS_463_moyer_png.rf.d03ff5fc1bb986c0ffe842d7774e0ac4.jpg,1528993.1,233304.8,0.153,train
RS_1221_day_png.rf.f931bafaec6528327ff1ececd90ab72a.jpg,1272709.6,286667.1,0.225,train
RS_1310_e_oxford_png.rf.0d678bd2147608f288f1b08d8add7bba.jpg,1152051.1,135722.7,0.118,train
RS_1111_shackamaxon_jpg.rf.bfe85ab43f1d874b2fd5948252bee1bb.jpg,1012921.0,114915.2,0.113,train
RS_817_almond_jpg.rf.bdf1a32a9d8f9a11e1ca495699c1992d.jpg,1409415.4,305675.1,0.217,train
CMX_1362_marlb_jpg.rf.fc7577861a425e467fcb31ba3b2bb48b.jpg,881215.1,120351.7,0.137,train
RS_1225_day_update_png.rf.78fb3922481237700d61d106c8bcc5d4.jpg,948962.1,96777.9,0.102,train
RS_1106_ecol_jpg.rf.2d985e580eb8a4f5b78bb816982be406.jpg,1291696.4,225687.2,0.175,train
CMX_407_e_gir_jpg.rf.cb6c33a6cc5da26d36ededa216ab59ce.jpg,1209561.4,135219.7,0.112,train
RS_1317_e_hewson_png.rf.21227dc8970bb2742f11703d65d8191d.jpg,1136608.5,203435.0,0.179,train
CMX_415_e_gir_jpg.rf.3fd045978510319771a25faa569d04b6.jpg,1319286.0,104441.6,0.079,train
RS_2012_trenton_jpg.rf.1f29a8742b21ec2abc02b049cff24287.jpg,1171346.0,278457.8,0.238,train
RS_2311_e_sus_jpg.rf.77225e330153819564622ed548735573.jpg,1187263.1,239464.3,0.202,train
RS_1107_marlborough_jpg.rf.d1ef14e868cc92e796ba7e423e17a881.jpg,1009930.9,88525.4,0.088,train
RS_1323_e_hewson_png.rf.3c984fbaa2629e0c27cf110f39b2bbbb.jpg,1150816.7,118652.7,0.103,train
RS_1353_e_hewson_png.rf.59e9c5c318914b656b356e70b63da7a9.jpg,837254.4,93115.5,0.111,train
RS_2321_e_sus_jpg.rf.d9eba2fd928b981fffef684bec0a4980.jpg,962704.9,192474.4,0.2,train
RS_2322_e_sus_update_png.rf.118dcb2521a5a3e3a01e17d28b9c8014.jpg,1225243.3,180732.8,0.148,train
CMX_461-63_e_gir_jpg.rf.7aa552bfaa0adbd95720babc6951edc3.jpg,1271670.4,124851.7,0.098,train
CMX_2220_frank_jpg.rf.1ca9be63a2f76639a3688015b83c7203.jpg,1324392.3,253420.3,0.191,train
CMX_409_e_gir_jpg.rf.4d312ea43b382472c0f8e37ed10980d8.jpg,1194669.0,127227.1,0.106,train
RS_1344_e_hewson_png.rf.bf7972fcb7904314172c035d0d5b77d5.jpg,1345098.5,268959.9,0.2,train
CMX_2237_blair_png.rf.e75e8f908481159ce909dee56c0c2a0a.jpg,833568.1,121862.6,0.146,train
CMX_210_e_girard_jpg.rf.cbc8e6fcf5e26247f99de075fda7377e.jpg,1445247.0,123617.0,0.086,train
RS_2200_e_sus_jpg.rf.25ac9c856401b86f66a3d70cc377a4cb.jpg,1269900.4,245999.4,0.194,train
RS_2225_e_sus_jpg.rf.d919e7113b2b63c4ca8bb2c1d389726d.jpg,885819.7,79733.0,0.09,train
RS_837_almond_jpg.rf.24fc63c007f92d5fd7290e5b95f38ae6.jpg,1134598.0,189894.2,0.167,train
RS_869_mercer_jpg.rf.26e371593701a1980d4a589450dd8ca7.jpg,1329500.3,155070.4,0.117,train
RS_2008_trenton_jpg.rf.691095c5ff0fd3f12e0c325dd060dd4b.jpg,1131187.1,212852.1,0.188,train
RS_804_almond_jpg.rf.78ee6a454505b3280befec8472fd5210.jpg,1301331.8,245839.6,0.189,train
RS_818_almond_jpg.rf.b84c58c29bb86d107ab6fb33f374e8f9.jpg,1445922.2,255667.1,0.177,train
RS_830_almond_jpg.rf.832140d3987df5ae7c1c45ac8d50b1eb.jpg,1426235.4,259707.4,0.182,train
RS_1229_day_png.rf.ac9aa00691f195a23d4e0eefb6501ca7.jpg,1356958.2,196701.0,0.145,train
RS_1409_emerick_png.rf.9b19a7b9ae684b6d5afee0760660b363.jpg,1433747.1,144076.0,0.1,train
RS_1464_ewilt_png.rf.e8a960cf42fea17d567536332e4057ed.jpg,1383322.6,250678.1,0.181,train
CMX_2209_blair_png.rf.235edae81f1058a421d7845d9e60acf9.jpg,710789.4,112983.7,0.159,train
RS_1474_ewilt_png.rf.cd7ea78780c11bff9e33a78edb0208f3.jpg,1372191.4,261082.1,0.19,train
CMX_1520_frank_jpg.rf.99b373b0db0df53984d3d5d1904e116c.jpg,1095236.9,260022.6,0.237,train
RS_447_miller_png.rf.f343bf3477a26242c5222e322684a2f4.jpg,1562410.9,318863.6,0.204,train
RS_2333_almond_jpg.rf.55fd0381d494f2d1fb5bf4390eb284bd.jpg,1344198.6,246749.7,0.184,train
RS_1113_shackamaxon_jpg.rf.26fa1d4cb6d23893eadc39d35a612eee.jpg,1279649.1,151204.0,0.118,train
RS_1213_epalmer_png.rf.72159d32fbf6b2722aad2cf773409122.jpg,1550568.0,339340.4,0.219,train
RS_1318_e_hewson_png.rf.41535c6ec1f65d627f8e75099134c633.jpg,1211462.3,75247.1,0.062,train
RS_2305_almond_jpg.rf.729ac23c6645502b95fdf3a0b267e602.jpg,1300097.0,256957.5,0.198,train
CMX_2002_04_frank_jpg.rf.100312bbe8eaa404c7ea37384ae0abc3.jpg,1457050.1,418634.3,0.287,train
RS_1316_marlborough_png.rf.11438dd117b05e9af55193b52cdde909.jpg,1574689.5,304097.3,0.193,train
RS_2211_almond_jpg.rf.213bd1ed27f4a6f004256c2bdd007d39.jpg,1484621.6,257602.7,0.174,train
RS_2439_e_norris_jpg.rf.a74e32f855c8abff8b0ac89b7f802d88.jpg,1376689.0,231857.0,0.168,train
RS_2336_almond_jpg.rf.a83b1a69408d0d246ae843e486b714e6.jpg,1193576.7,138314.3,0.116,train
CMX_457-59_e_gir_jpg.rf.4eab514c8e9fa7584281fb7713f152ec.jpg,1446192.1,300134.9,0.208,train
RS_2028_trenton_jpg.rf.c187f773426ad9d05dc77b319d0846a4.jpg,1479054.8,234629.8,0.159,train
RS_822_almond_jpg.rf.f4d3428bbf5f750bd5eb944817c7edd9.jpg,1558693.3,275833.6,0.177,train
RS_2210_almond_jpg.rf.f0bfa6fe971047c4560b4f0e769679c3.jpg,1293536.1,301456.1,0.233,train
RS_2208_almond_jpg.rf.0e1f3cbffe244c6c9344845dcb9d42f2.jpg,1015530.3,183500.8,0.181,train
CMX_2323_frank_jpg.rf.71daaee918c3c504d0bda48a43c806b7.jpg,1354144.4,208282.3,0.154,train
RS_1321_e_hewson_png.rf.c762855d3275fe003af7cf893370e39a.jpg,1111037.8,168058.1,0.151,train
RS_1467_ewilt_png.rf.c8f9e76d26a3a310f059660830688024.jpg,1461797.0,245590.7,0.168,train
RS_2312_e_sus_jpg.rf.ed5637336c3ae318ade9e1aab8741c78.jpg,1317826.8,189328.4,0.144,train
RS_1471_ewilt_png.rf.587c9a4ece7ac9dc8abfc4c677bbe697.jpg,1382528.0,309483.3,0.224,train
RS_1478_ewilt_png.rf.ff793aa54cadbe1cfe1818e1568f935b.jpg,1607716.1,217164.5,0.135,train
RS_1352_ecol_jpg.rf.a8d407968759253623834296cd0e8f7f.jpg,1482343.0,359556.3,0.243,train
RS_1479_ewilt_update_jpg.rf.2a7fad11f7379566768bb54b7cc64219.jpg,1399434.6,230143.4,0.164,train
RS_1204_marlborough_jpg.rf.58666adb0717aa128edcb7dfb6e09c31.jpg,1213999.3,155985.2,0.128,train
RS_1343_e_hewson_png.rf.6929679b97a64dd3bb7ac12f94aa6982.jpg,822905.8,68714.8,0.084,train
CMX_2370_e_norris_jpg.rf.e9e691d1c0b206a003affbc3b7324e0a.jpg,1231522.6,137821.4,0.112,train
RS_2315_almond_jpg.rf.46e4bf5cbe92f279c6abd1b1fc08a394.jpg,1314836.7,227705.4,0.173,train
RS_1301_marlborough_png.rf.56a6d078e0ab0ca8b6464085f2cdd680.jpg,1560002.3,285544.2,0.183,train
RS_2322_almond_jpg.rf.9e46799e0ed500ae3776e586cd8ec588.jpg,1513405.3,234541.8,0.155,train
CMX_443_e_gir_jpg.rf.507644e0f1370f227bec235fa61e3ab2.jpg,1253256.2,246726.4,0.197,train
RS_1401_ewilt_png.rf.87eacaa56d4cd397cb22a61cba5c56a8.jpg,1628972.7,295118.8,0.181,train
RS_1115_ecol_jpg.rf.dd8a2743c4ac4a0d2620b694d1347c9d.jpg,1390124.1,320924.4,0.231,train
RS_834_e_thompson_jpg.rf.3813a6d7ab28764512176af79bc4d1c3.jpg,1346645.4,195012.3,0.145,train
RS_1240_montgomery_jpg.rf.4ee1c9ab2ac6547de05e25eca86ccee8.jpg,1403488.9,109141.2,0.078,train
CMX_1828_frank_jpg.rf.23a030b56903a33d82717c757ac46345.jpg,1365958.4,395615.6,0.29,train
CMX_401_e_gir_jpg.rf.8b838308d731c3d56695655292aed448.jpg,1377860.7,262283.3,0.19,train
CMX_1317_23_frank_jpg.rf.f65e47ba343a348f5b68eac820b6b55d.jpg,1489333.0,480878.1,0.323,train
RS_449_moyer_png.rf.4f38ba57e10029173e0b447dd8cec18e.jpg,1467972.2,120794.0,0.082,train
CMX_2327_frank_update_jpg.rf.99947cb9ce65f77ae494419eb60161fa.jpg,1317017.4,629447.7,0.478,train
RS_2201_e_sus_jpg.rf.8e274924bf6a3f19d0eafe3de1872ef4.jpg,1028947.7,186043.5,0.181,train
CMX_1865_blair_png.rf.699feb03119e5bfdc269479028730b48.jpg,948932.7,114344.2,0.12,train
RS_829_almond_jpg.rf.b64fb36cd14712876e1ea9c77b0fa837.jpg,1323870.9,381534.6,0.288,train
RS_1335_e_hewson_png.rf.45f8a2ef2cf81b407a3dad8251631c56.jpg,894926.9,72498.3,0.081,train
CMX_1360_marlb_png.rf.128d26234d4659d9d4587daf538f8e0f.jpg,917894.6,178600.5,0.195,train
RS_2215_almond_jpg.rf.d7d7ba2b96a080bd921355ca4fb6885d.jpg,1280562.9,330852.5,0.258,train
RS_1411_emerick_png.rf.b9ed34f20606d80554d695594bcedd26.jpg,1522375.2,217103.7,0.143,train
RS_1117_shackamaxon_jpg.rf.3fdb77f175c7cb0ed476b3f9d3a3d1ae.jpg,1466236.1,187212.4,0.128,train
RS_1209_ecol_jpg.rf.b0ceed79c28b84ad641a1630e20c50fc.jpg,1347301.5,299251.1,0.222,train
RS_836_almond_jpg.rf.8d17505cd7e0f753e21020913d576994.jpg,1248300.5,252052.4,0.202,train
RS_1473_ewilt_update_jpg.rf.0aa7da1593afc7a97560789893a0c5ca.jpg,1215746.1,179366.9,0.148,train
CMX_1778_frank_jpg.rf.c9fbd57c31316b77f41bfd81d1532a86.jpg,1384065.0,423381.9,0.306,train
RS_2220_almond_jpg.rf.21dc6797fda1c2b6fe200c59bffb7d68.jpg,1294780.9,157266.3,0.121,train
RS_2335_almond_jpg.rf.cc66d56b482173186ee508736b07a5cb.jpg,1474321.4,323192.0,0.219,train
RS_1417_emerick_jpg.rf.a3af6e68f848367b3a4b3dca8fbcf78e.jpg,1112097.5,118821.4,0.107,train
RS_1364_crease_jpg.rf.54dc2c111aa7193d454ea7f8951bfcc8.jpg,1272200.4,113071.7,0.089,train
RS_1326_e_hewson_png.rf.c67e87363bb0a5ae29bf2ff21a212e71.jpg,1187660.7,171601.0,0.144,train
RS_1337_e_hewson_update_jpg.rf.6e34cd1be89ce6a214c6cdfb95256c93.jpg,1404203.7,178928.1,0.127,train
CMX_208_e_girard_jpg.rf.fcb4cf0cf1b36349e2d41c4ef3ad942b.jpg,1264621.9,243533.9,0.193,train
RS_850_almond_jpg.rf.7af939b72703f723582e7cde43bd55df.jpg,1440056.0,334732.4,0.232,train
RS_858_almond_jpg.rf.418341f7f64d6172b215508bb340334f.jpg,1372461.9,299267.0,0.218,train
CMX_2006_10_frank_jpg.rf.74371e91e4d40a41a569cbea8f342f9c.jpg,1337115.9,216024.6,0.162,train
RS_2311_almond_jpg.rf.51923b3e7ad054b968c7fa4c91829703.jpg,1199373.5,214375.1,0.179,train
RS_1344_crease_jpg.rf.870db8749cc7eaabd58b4fa7fac72230.jpg,1444247.1,127491.6,0.088,train
CMX_2231_trent_png.rf.a5d908358c81b742c0010abfeb67b3ae.jpg,793952.1,126909.9,0.16,train
RS_2209_e_sus_jpg.rf.9d3163aa3ad3e512b897988d14d49532.jpg,1002747.9,187391.9,0.187,train
RS_811_almond_jpg.rf.3e82e5ac81b165565171889c7855dbd6.jpg,1434864.9,330419.9,0.23,train
RS_331_belgrade_jpg.rf.056347475665721cd3395e471b623131.jpg,1268250.3,248573.2,0.196,train
CMX_2226_frank_jpg.rf.f6cf8b0e2156451c53dfa1403912b645.jpg,1328190.5,219110.5,0.165,train
RS_2362_e_norris_jpg.rf.c2548d6601b0e39e71791d4ea64c561e.jpg,1460945.8,311134.7,0.213,train
RS_457_moyer_png.rf.e3e8577eb3e6c861ebc9d57b180a293c.jpg,1281807.3,300125.7,0.234,train
RS_852_almond_jpg.rf.a696127c04de15874711f918a28d01f5.jpg,1398164.2,287384.7,0.206,train
RS_1230_e_oxford_jpg.rf.8af241184990509447e7ff252fb56531.jpg,1243027.8,192581.8,0.155,train
RS_836_e_thompson_jpg.rf.94bd68a9fb6f56963ac33f6fb56f8a16.jpg,1312995.9,176513.0,0.134,train
RS_1339_marlborough_png.rf.9c25c681ba47dc3d280c03afca87f18c.jpg,1553096.1,215397.1,0.139,train
RS_1419_ewilt_jpg.rf.fd2e6d3a2af979fb6012aabc15ed2b3b.jpg,1218135.7,173217.1,0.142,train
RS_1469_ewilt_png.rf.89cdd4fa129cfad306fde8642252055e.jpg,1545540.5,239546.6,0.155,train
RS_2334_almond_update_jpg.rf.cae6ca37111913284c70cebf96bd99a2.jpg,1136229.5,110797.1,0.098,train
CMX_2231_trent_update_png.rf.4f562f230dcb554d1877c2494ad45e1e.jpg,1453758.8,180123.2,0.124,train
RS_1413_ewilt_jpg.rf.532605f8a5b85de27685886f91257051.jpg,1117055.4,217701.3,0.195,train
CMX_1849_blair_png.rf.0eba36096fa6d82e0028c8ed9cedf479.jpg,960702.8,256242.9,0.267,train
RS_2519_e_norris_jpg.rf.56c4951f177bd401c5ffca3dbadaded7.jpg,1504905.3,243642.1,0.162,train
RS_412_e_flora_jpg.rf.8a56397a56c464719a82dd6ce6c56216.jpg,1221621.2,151459.1,0.124,train
RS_1332_e_hewson_png.rf.eff65e97c05bfd187192d7a999572ea0.jpg,998675.0,62596.3,0.063,train
RS_2320_e_sus_jpg.rf.9645e7de94fd26eac2aa721d9570a8ac.jpg,1352823.9,224801.9,0.166,train
RS_1361_e_hewson_png.rf.7dcae025d9da63e651156bbc381fddc8.jpg,973164.9,179552.4,0.185,train
RS_1104_marlborough_jpg.rf.472ff63b68ab2ca86c3ba6ba9efc4cfa.jpg,1019945.1,166296.6,0.163,train
RS_1411_ewilt_png.rf.0b87e2cebdb489395eea7a97e32d0cdf.jpg,1288850.5,288609.3,0.224,train
CMX_2224_frank_jpg.rf.0032f4c651efa72b93d76e24a1981290.jpg,1354796.2,130633.9,0.096,train
RS_2427_e_norris_jpg.rf.38b42278c354b01f716c6fb18390ea41.jpg,1426325.5,338804.0,0.238,train
CMX_2000_frank_jpg.rf.73b5c39e81f60ee0d74a7834217efa21.jpg,1077578.0,179523.2,0.167,train
RS_213_belg_jpg.rf.b76edb91a2efbf988a7a0666619c16f9.jpg,890066.6,102971.4,0.116,train
RS_324_belgrade_jpg.rf.12326988d157b272ebb5ccff0402736c.jpg,1068979.9,107367.0,0.1,train
RS_2314_16_e_sus_jpg.rf.1c4791c18086377f7f52ac1798bdc3f3.jpg,1361350.9,0.0,0.0,train
RS_1835_sepviva_png.rf.f21165a2678eb9eab9fbd16ee9df6603.jpg,1582566.5,372178.6,0.235,train
RS_1345_e_hewson_png.rf.1cfdb383cd29236a2858f514bbd6b727.jpg,1339943.7,255845.6,0.191,train
RS_1036_ecol_jpg.rf.9b1b74b55fb40c9c2eb391d9652df3cd.jpg,1365652.3,221402.8,0.162,train
RS_2447_sepviva_png.rf.b60bfd9fe44a7eca3ff84d97d0c2a423.jpg,1543232.3,251601.7,0.163,train
RS_1233_day_png.rf.302d6421d55cf9855d6fa241c99be8df.jpg,1458776.4,218073.3,0.149,train
CMX_1344_marlb_jpg.rf.80dfdc936ba726d2f98badf846310f34.jpg,1222854.9,170629.5,0.14,train
RS_1346_e_hewson_png.rf.344f93e7b286e92fd2f9f5941f15cd65.jpg,1366098.9,245227.6,0.18,train
RS_705_e_thompson_jpg.rf.a4b4c9dd8c64f0bee03b1a8b39a7ce72.jpg,1404588.6,236377.6,0.168,train
RS_2033_tulip_jpg.rf.6ffbdf54eac4580529f0b426b845fe6d.jpg,1078315.0,141033.6,0.131,train
CMX_2036_frank_jpg.rf.9c273c1fb2a90e544e10a1c3bfca96eb.jpg,1234831.6,145904.7,0.118,train
RS_1117_ecol_jpg.rf.84cff09709b2d3c958fc9f313cf13d84.jpg,1540649.8,234121.0,0.152,train
CMX_1356_marlb_png.rf.7aca97bbd2a9ecc380a2a64050770138.jpg,812285.7,82983.2,0.102,train
RS_1477_ewilt_png.rf.cd9f8078182e22f1e93a8bec50817ee2.jpg,1568303.7,281297.9,0.179,train
CMX_465-67_e_gir_jpg.rf.c1f33d7a8e95d031365b3235a40f661f.jpg,1194082.5,141317.0,0.118,train
RS_1219_epalmer_png.rf.07c66e6c5739b2daf8882d0fb2183fa9.jpg,1425830.4,228029.3,0.16,train
RS_1227_day_png.rf.8b1d78c5cb0a8aa14d63f2ac702ff2cd.jpg,1330329.5,202547.6,0.152,train
RS_2046_trenton_jpg.rf.a5b03e53684c88d2636b636d1d6d06b7.jpg,1347623.8,249439.3,0.185,train
RS_2215_e_sus_jpg.rf.422c9109cdaed49af3fadb6fded19434.jpg,963058.6,209229.2,0.217,train
RS_1348_e_hewson_png.rf.5a98f05ba2c27e3ef665c3cfeb6978c1.jpg,1290060.0,271866.9,0.211,train
RS_826_almond_jpg.rf.3f1696c7ce2fd7eb75e68b3b26a57baa.jpg,1352256.0,255313.0,0.189,train
CMX_1800_frank_jpg.rf.3afa55b768219c9fcb5665d814b21f19.jpg,1483143.2,272865.8,0.184,train
RS_2326_e_sus_jpg.rf.74be302ca2d6411305504d211845633f.jpg,1227305.4,205169.1,0.167,train
RS_2203_e_sus_jpg.rf.5dfe15fa5d2451e70dd88bce74e3d429.jpg,1037709.6,179945.4,0.173,train
RS_2320_e_norris_jpg.rf.78b0f1dd4eab12de29fc9c12eee2c99a.jpg,1562884.3,295911.3,0.189,train
CMX_1512_frank_jpg.rf.1e893526b3ff02626b7fd88b863552c2.jpg,1428678.1,496094.1,0.347,train
RS_2221_e_sus_jpg.rf.755db7e668ac9c86fa3237faa7728115.jpg,1151556.4,177821.1,0.154,train
RS_1329_e_hewson_png.rf.2248697a9d879dc6185b54d9dd817209.jpg,758645.8,142868.6,0.188,train
CMX_1352_marlb_png.rf.83a2a91ea4260b902cb0fe383d0c0619.jpg,1071699.2,169145.7,0.158,train
RS_2324_almond_jpg.rf.ef5c87131c67a05ee8d3be227d0e6e4b.jpg,1500988.9,257533.4,0.172,train
RS_1135_shackamaxon_jpg.rf.998fae6b08bc8c96a51c94cfe37cf5c2.jpg,1302414.2,132910.5,0.102,train
CMX_2001_frank_jpg.rf.e76df1645fc940aeed213cab404354dd.jpg,1367885.3,196738.8,0.144,train
RS_2323_almond_jpg.rf.50fc8896d77a0af2da2a33510fd17021.jpg,1163980.3,144578.5,0.124,train
RS_2309_e_sus_jpg.rf.7517aef17ac4acbae5083409dcd1d102.jpg,1240442.8,217127.6,0.175,train
RS_2217_e_sus_jpg.rf.be1194d3ceaf8f1be7eabf62a25b527d.jpg,1125028.9,223892.5,0.199,train
RS_1317_montgomery_jpg.rf.5a6fbba7d92917c0249c22e18e0c80c5.jpg,1319365.7,213320.6,0.162,train
RS_1403_ewilt_png.rf.0a619f9981db53ea6ca58ba7a54f0098.jpg,1610867.2,406648.3,0.252,train
RS_2317_sepviva_png.rf.f684fdbccf0f87d8426827d6836fcb43.jpg,1592249.0,208266.4,0.131,train
RS_1456_ewilt_png.rf.db513d25b9eb3832c82ba902d681c677.jpg,1593688.5,238420.7,0.15,train
RM_1224_e_columbia_jpg.rf.06d6bf518683ebf402f9a893740319fd.jpg,1209747.9,179485.5,0.148,train
CMX_1839_blair_jpg.rf.9905d61a93657e30eb31c0fee401c23d.jpg,1580920.4,251490.2,0.159,train
RS_1466_ewilt_png.rf.5464bdd3cc37a9d08bf2570693f987af.jpg,1449127.2,384365.4,0.265,train
CMX_1126_epalmer_png.rf.ddc74217264c4990929bf4ca4e657fc2.jpg,1343034.2,140941.4,0.105,train
RS_1362_crease_jpg.rf.5c83af41d36fba52b8de47a59bbb26a3.jpg,1433789.0,233410.3,0.163,train
RS_1460_ewilt_png.rf.7ad767c84d49594abc9667851b973144.jpg,1597546.8,231253.1,0.145,train
CMX_1309_frank_jpg.rf.2cc749a974b4862ed5c4cd6b6bbb5949.jpg,1247731.0,220458.0,0.177,train
CMX_1102_frank_jpg.rf.635063f8c457c464dba8f567268cba86.jpg,1200750.2,177616.9,0.148,train
RS_1352_e_hewson_png.rf.408c560ba215261bba11025396f3a12b.jpg,1067771.8,174280.4,0.163,train
RS_1328_e_hewson_update_jpg.rf.acdce801959c98ff73a61e3c4cf2222e.jpg,1180234.6,130393.9,0.11,train
RS_1300_ecol_jpg.rf.60d9b3734370d84ae9d0f62b0a3b9a35.jpg,1424563.0,226703.0,0.159,train
CMX_2040_frank_jpg.rf.4910119a7ea01642da898879d48e22d8.jpg,1499902.6,150390.5,0.1,train
RS_1117_e_wilt_jpg.rf.3092a3271003e6717917b9711b284ae0.jpg,1207741.4,145086.1,0.12,train
CMX_2229_trent_update_png.rf.607f0a7a213b203d9887a3851dd901e2.jpg,1424708.3,246599.0,0.173,train
CMX_1858_frank_jpg.rf.84de233ab92d2188cc93562d02970ef8.jpg,1480336.2,405058.1,0.274,train
CMX_1511_19_frank_jpg.rf.dfe31cb69c9e5578f14c9f1434442066.jpg,1193019.2,424258.9,0.356,train
CMX_1854_frank_jpg.rf.50fccf4942e35c510703523aa7bd705f.jpg,1472780.4,431857.8,0.293,train
RS_1207_ecol_jpg.rf.2dcc11eabd602599a358500948fde9f2.jpg,1400042.4,283674.8,0.203,train
RS_1354_ecol_jpg.rf.0e96561cca93f8c51ebfadebb617e95f.jpg,1455545.7,328814.8,0.226,train
CMX_2229_trent_png.rf.6be29f8bcc7c533d16ae18f9d90a82f7.jpg,1097757.2,120302.8,0.11,train
CMX_2227_trent_png.rf.4e2bddafdf23a54492e30233efa44c4a.jpg,794147.9,158404.8,0.199,train
RS_820_almond_jpg.rf.0819b63894071b2802b14faa702254f6.jpg,1431428.0,270361.3,0.189,train
RS_2205_e_sus_jpg.rf.e5802e8f3a7be249b1099e8282796a1c.jpg,1469050.4,244409.9,0.166,train
RS_1328_e_hewson_png.rf.11dfb9c0952e5b7e49bae68879c54061.jpg,882869.7,119071.3,0.135,train
RS_435_miller_png.rf.289466ae30f821d4b016662f86d2fcb0.jpg,1527959.8,546919.9,0.358,train
RS_451_moyer_jpg.rf.c8dc33b230364f1b1669c8693444b659.jpg,1102777.0,122014.5,0.111,train
RS_2318_e_sus_jpg.rf.f1fa78582321788b6fef8114b480043d.jpg,1277177.1,214401.8,0.168,train
CMX_1857_blair_png.rf.20d12b675df5528bcb332f6f387abe50.jpg,1477660.5,304711.1,0.206,train
RS_2204_e_sus_jpg.rf.2775758366a8d103fa352d67e070f6e0.jpg,1228781.0,267604.0,0.218,train
CMX_2222_frank_jpg.rf.3735d08d78d8bb9c296aab66c91a7b06.jpg,1588235.5,454156.8,0.286,train
RS_2332_almond_update_jpg.rf.52dee42e7d7044281e96b0dc2d977533.jpg,1502725.7,294325.3,0.196,train
RS_1338_e_hewson_png.rf.97af0c1a29e6e40056d37826d8a10713.jpg,1132149.1,193681.2,0.171,train
RS_1214_shackamaxon_png.rf.988d11e61354e6954ca56777226d26b3.jpg,1296079.3,192371.3,0.148,train
RS_235_e_allen_jpg.rf.d9d0ac296486c55bd773b63599d196f9.jpg,1099486.5,222002.6,0.202,train
RS_222_ethompson_png.rf.02aa69f3d2780d0e6df97b8823dbe771.jpg,1569026.5,250428.1,0.16,train
RS_1357_e_hewson_png.rf.5e6337870bdb5220754637ac2485428b.jpg,1000819.4,169631.5,0.169,train
CMX_2005_frank_jpg.rf.c2091f57db7ad04c8e08cc0c5eec75ea.jpg,1261142.2,259516.7,0.206,train
RS_1780_frank_jpg.rf.e45304c8dcc430bd38d039a9dcf3a75a.jpg,1199359.1,242097.8,0.202,train
RS_1350_e_hewson_png.rf.e43c61965a60a947950b96ff9ef7effe.jpg,753230.9,89493.1,0.119,train
RS_831_almond_jpg.rf.a575bd62ebc3a2c2e59a3ede04ce2603.jpg,1461749.2,302448.2,0.207,train
RS_1342_crease_jpg.rf.1a2b565484ee487a16de0aa4d891cc0b.jpg,1483564.5,139047.3,0.094,train
CMX_2012_frankford_jpg.rf.f847327b3dc336c78a4e187a774a09af.jpg,1222570.8,194600.5,0.159,train
RS_2319_e_sus_jpg.rf.4d65bd6f50643a1a3e4ae9a9646232ec.jpg,1360753.3,141073.0,0.104,train
RS_302_belgrade_jpg.rf.ea01c4909b5216d6578344749587d725.jpg,1256908.8,147902.0,0.118,train
RS_459_moyer_png.rf.dfb3bb5f70d84968ff986af2884c8d20.jpg,1476221.6,192336.2,0.13,train
RS_2215_e_sus_update_jpg.rf.7ce2cb5d6f4fe02e0a952935d69293d7.jpg,1198684.7,188046.7,0.157,train
RS_1110_ecol_jpg.rf.a078265357700707d1b9c43e6dc8a185.jpg,1438913.5,322652.4,0.224,train
RS_2208_e_sus_jpg.rf.6a09af12cf9435906467eb68eb8041fd.jpg,1111718.0,151512.4,0.136,train
RS_2324_e_sus_jpg.rf.7e69fff0d883fe350811d36585669a51.jpg,1218069.7,234278.3,0.192,train
RS_1312_e_hewson_png.rf.2165dd9631a32448863ef7d8b7af99df.jpg,767916.0,97003.5,0.126,train
CMX_1114_frank_update_jpg.rf.16cfaa60e42c09a5b4a05c6b71918abc.jpg,1371920.5,123665.6,0.09,train
CMX_455_e_gir_jpg.rf.7f25327f229a7c68c57be27355b92b6c.jpg,1301876.0,220403.4,0.169,train
RS_2451_sepviva_png.rf.6ef04a78dc7e2e0145c0c6bf8c4660f6.jpg,1407857.1,262747.5,0.187,train
RS_2306_e_sus_jpg.rf.3aae648c9c1da2c4f034364aee68cf37.jpg,1266134.5,192872.8,0.152,train
CMX_429_e_gir_jpg.rf.2c75d087d8bd84060d4197051e9a7580.jpg,1141033.5,112274.6,0.098,train
RS_2038_trenton_jpg.rf.1b0ad3c03299d02f30c9d66fc8a5978a.jpg,1485386.6,222861.8,0.15,train
RS_1224_oxford_jpg.rf.bea00f43b69916eb827cd18d24efa025.jpg,1163304.8,300433.2,0.258,train
CMX_1142_frank_jpg.rf.adea7b0ec97f006835a2422904fbc5fe.jpg,1427982.9,147384.9,0.103,train
RS_2307_almond_jpg.rf.16a0eee8883fca5537cf05845cc76996.jpg,1394029.4,298864.8,0.214,train
RS_1204_ecol_jpg.rf.7734691647afce14df2d000da4e9b7a4.jpg,1319997.7,313194.0,0.237,train
RS_815_almond_jpg.rf.4d4d3334c135e938828c32c3fb46f218.jpg,1354306.3,252785.7,0.187,train
RS_1123_montgomery_jpg.rf.56c677ea34a52c7670f27a504bc8a52c.jpg,1092639.4,179358.2,0.164,train
CMX_339_belgrade_jpg.rf.3cc6e354b49cd9e4ade8bc1b323f9109.jpg,1454331.0,97925.9,0.067,train
RS_2313_e_sus_jpg.rf.c26d3f44e4ec98c6c9789eb268dda6c2.jpg,1371608.7,68996.7,0.05,train
RS_1405_ewilt_png.rf.0660034ed17fd6e53f5a1da841917257.jpg,1536930.4,302993.9,0.197,train
RS_2212_almond_jpg.rf.1d31efc786fdb9f74f5652dfc58f4a5c.jpg,1450101.7,252247.8,0.174,train
RS_2317_e_sus_jpg.rf.467edb44978990bc830568b68eccf30d.jpg,1207081.3,175972.9,0.146,train
RS_848_almond_jpg.rf.463b6597afec51c9a983d67f22cbe097.jpg,1451575.4,284555.4,0.196,train
CMX_441_e_girard_jpg.rf.7f7840a96484bd3332875db45e84a7a3.jpg,1132551.9,247403.2,0.218,train
CMX_1860_frank_jpg.rf.c8aa57fa8d3782ff939a2f258781e5bb.jpg,1339534.1,336971.1,0.252,train
RS_1245_day_png.rf.63f9eb540b0606eda30d3bf3348bbf44.jpg,1182564.9,181006.7,0.153,train
RS_1231_day_png.rf.ce0eef3c766c6139b6d78a89210ecd42.jpg,1227768.7,260220.9,0.212,train
RS_1108_ecol_update_png.rf.92c81624798c0e518e1b3b33fa683630.jpg,1466602.7,287978.5,0.196,train
CMX_405_e_gir_jpg.rf.094883b43908367b388f0c832a441a94.jpg,1216426.9,227907.1,0.187,train
RS_2207_e_sus_jpg.rf.75d6f4443e67db3d5467aed6ed9dadc5.jpg,1098590.5,184702.8,0.168,train
CMX_2231_trent_update_jpg.rf.f61b02fd0aa4af92e7d4ad9e4c9bf959.jpg,1199411.0,226364.1,0.189,train
CMX_413_e_gir_jpg.rf.2ce71a15166c3e20906820ca3c00c821.jpg,1544902.4,321210.0,0.208,train
RS_2652_e_norris_jpg.rf.6b7006b053fb013391bdae3aed6ddac1.jpg,1308822.4,203294.7,0.155,train
RS_1309_marlborough_png.rf.46a26d567dcb703ed6c8c5ab300d453b.jpg,1583543.9,176937.2,0.112,train
RS_1470_ewilt_png.rf.56f6b2522722c7d1cdb31dabc97d60a5.jpg,1505169.3,291509.2,0.194,train
RS_449_miller_png.rf.1ffcf29051997ca11e3bf4e61f147f65.jpg,1516960.3,276638.3,0.182,train
RS_2044_trenton_jpg.rf.a1081d9c2fdc2b2635e9ff592dbd7d08.jpg,1455608.2,281843.4,0.194,train
CMX_2225_trent_png.rf.1eae3748565face908426e0677693290.jpg,927327.0,157793.4,0.17,train
RS_1251_e_sus_jpg.rf.61954c25ba55ea7fad760c0fbf6256ed.jpg,1068858.8,243823.2,0.228,train
RS_2022_trenton_jpg.rf.965ab72aed6cfbbbd5b02d24ab378645.jpg,1128771.1,241030.1,0.214,train
RS_2206_e_sus_jpg.rf.a3c03689b7eca22b5becab97632fca99.jpg,1145604.1,192872.3,0.168,train
RS_1336_e_hewson_png.rf.5edb30f3ab440d97cadef0294c59e2bf.jpg,901845.2,123628.6,0.137,train
RS_2032_trenton_jpg.rf.b3b285297a6b75da295fe4333eaf9d60.jpg,1392645.7,272181.6,0.195,train
RS_2650_e_norris_jpg.rf.c94fa1b4486a04c135157dde75032a61.jpg,1595855.2,298875.6,0.187,train
CMX_601_e_girard_jpg.rf.a23fe385336dd7ff1bb5481bce279e33.jpg,1304832.5,255423.6,0.196,train
RS_813_almond_jpg.rf.faa3ae635790de38b63adcc35e7fe283.jpg,1298849.1,287083.6,0.221,train
RS_421_moyer_png.rf.f108b1b0c9b37d70d3dc28b8689bc29e.jpg,1531425.0,168312.7,0.11,train
CMX_1851_blair_png.rf.a610a124f3b19f6bcc04845a00699ea5.jpg,1231687.6,254403.2,0.207,valid
RS_1448_ewilt_png.rf.d91f6044a6bd5980fae7f3ca49f2d6e4.jpg,1433090.3,318939.6,0.223,valid
RS_1443_e_col_jpg.rf.40b0e8b6188ffd4ede664ccd78e442d9.jpg,967747.3,151827.4,0.157,valid
RS_1324_e_hewson_png.rf.1d43f5f0499cdb9e5950a21851a9a606.jpg,765343.3,76423.6,0.1,valid
RS_1350_crease_jpg.rf.9f8aa888a47d4cab7c30857717921e20.jpg,1418593.8,119164.1,0.084,valid
RS_810_almond_jpg.rf.02059766256234a71705ae923aa6f911.jpg,1291869.9,279017.3,0.216,valid
RS_1342_e_hewson_png.rf.21870471e2a07582e14fe2c58d32add3.jpg,1184283.4,107993.8,0.091,valid
CMX_1354_marlb_png.rf.41e22a27268579b562db93abb59df527.jpg,1053306.9,168469.4,0.16,valid
CMX_206_e_girard_jpg.rf.72ce171b70e1618e1a2e3aacaead5452.jpg,0.0,239297.8,,valid
RS_2034_trenton_jpg.rf.9990f7656e57a3997ebe8c00e910208c.jpg,1473342.4,228473.1,0.155,valid
RS_2202_04_e_sus_jpg.rf.cf15c219075cac2aa8be3ac9321fdfa1.jpg,1271846.2,265670.9,0.209,valid
RS_2305_e_norris_jpg.rf.744c0ba940890b25bdb7e4a1792adcaa.jpg,1534449.0,368597.2,0.24,valid
RS_1341_e_hewson_png.rf.955c82df765f91f8b2b5583a584cced0.jpg,1090077.4,140196.4,0.129,valid
CMX_2235_blair_update_png.rf.3bec0b40310229dca024ab2403beb29a.jpg,1253320.7,168406.9,0.134,valid
CMX_1861_blair_png.rf.a0aec9be34dff6795fa861c0326b281e.jpg,1525378.6,366441.6,0.24,valid
RS_1346_crease_jpg.rf.2340849c07c65c61de6acbd41bc55a6e.jpg,1431922.4,134893.2,0.094,valid
RS_2014_trenton_jpg.rf.86b85d44c0f50f48753ce091453a9eff.jpg,1081077.8,238842.0,0.221,valid
RS_806_almond_jpg.rf.4221a192634b510e79ef05eb3cc56a8f.jpg,1201931.4,253995.1,0.211,valid
RS_2310_e_sus_jpg.rf.41d366e66c4fc0eea733fa4ff86c492d.jpg,1116647.5,221267.3,0.198,valid
RS_1334_e_hewson_png.rf.69319513bcfbd9e9ec04da6a9cf80ccd.jpg,1226495.7,178100.0,0.145,valid
RS_1452_ewilt_png.rf.77529a4a72e81095c9dab285f77f2cac.jpg,1609146.1,276774.9,0.172,valid
CMX_1841_blair_jpg.rf.a8e3f32150e35fa85abf7178377d7998.jpg,1301259.4,201312.1,0.155,valid
RS_1225_day_png.rf.ec7d0c9748d9277457cc4db0d4186d86.jpg,1023748.8,119790.2,0.117,valid
RS_2327_almond_jpg.rf.7d805011eb70dda52407a619b9718c5c.jpg,1252658.0,241806.5,0.193,valid
CMX_1412_frank_jpg.rf.95c81a53634eb1595a9fc91d73523e1a.jpg,1474047.3,220476.1,0.15,valid
RS_1415_ewilt_jpg.rf.29685c10e4cc045157ba4888e8008465.jpg,1126815.5,168852.8,0.15,valid
CMX_1863_blair_png.rf.9a627169a2e0922a63faa5b2c062c531.jpg,729885.7,12691.3,0.017,valid
CMX_1509_frank_jpg.rf.801d9539f5a49945c190c93c71c6a595.jpg,1041910.8,227309.3,0.218,valid
RS_2318_e_norris_jpg.rf.3a09ddb98d491fbf584aa995555dadc0.jpg,1112376.0,113002.7,0.102,valid
CMX_2161_e_norris_jpg.rf.4ccf208309730f8cc7000259c23dac77.jpg,1584444.9,311530.1,0.197,valid
RS_824_almond_jpg.rf.64d497b64f9f5fdfd785c3fc746abfe0.jpg,1299685.9,261752.3,0.201,valid
CMX_1206_e_palmer_jpg.rf.9feaa027e20c2ee932f226a57e693a24.jpg,970121.8,214244.3,0.221,valid
CMX_1843_blair_jpg.rf.c33ef4b4572db52cf87b3c7af13a0319.jpg,1412295.4,277827.7,0.197,valid
RS_1313_e_palmer_jpg.rf.992c8fbaa6769d5ea343b3ee587b116f.jpg,888340.2,151923.7,0.171,valid
RS_1356_58_e_hewson_png.rf.a1021df5e0058e2c57c9633735799704.jpg,1157263.3,155372.3,0.134,valid
RS_1234_marlborough_jpg.rf.563816f3828987447b73b15d294994c3.jpg,1138992.7,159324.1,0.14,valid
RS_1330_e_hewson_png.rf.284b988d7994a57f7b6879d6e96df0cc.jpg,1212815.0,241280.6,0.199,valid
RS_1240_e_palmer_jpg.rf.e186095b3dd9560b64099d61dcc45fec.jpg,894515.6,95788.6,0.107,valid
RS_1472_ewilt_png.rf.63657a5f52911cc8b7fc6e0014f99116.jpg,1371019.4,305892.6,0.223,valid
CMX_1348_marlb_png.rf.2536e8306fd31b3b04316c3eb0729437.jpg,1227676.5,167875.9,0.137,valid
RS_1116_day_jpg.rf.c8f859ffdcd3df841ff8c154b3db62e0.jpg,1604431.0,238680.7,0.149,valid
RS_1423_ewilt_update_jpg.rf.eae37243f5b57e198bb6dc028ce36e61.jpg,1090428.4,134119.5,0.123,valid
RS_1458_ewilt_png.rf.4897e3bebaeb8fee988b54a8c344d54c.jpg,1574575.3,265758.4,0.169,valid
CMX_1847_blair_jpg.rf.4f2b286330840a6514519c8d15c3bc20.jpg,1410796.2,199709.1,0.142,valid
RS_1301_montgomery_jpg.rf.e8ee0b336a24c4bf10cc660e003f575b.jpg,1143604.9,121847.7,0.107,valid
RS_1347_e_hewson_png.rf.4c83705d098626e9a0617bc761195a0a.jpg,1027758.2,130591.9,0.127,valid
CMX_1820_frank_jpg.rf.c06a4ad7cf0d7b3858ba27ed6991a2ff.jpg,1516356.2,322947.7,0.213,valid
RS_1315_e_hewson_png.rf.428a776af598419b3cb9d376fe88c6c3.jpg,991804.2,98292.9,0.099,valid
RS_1311_e_hewson_png.rf.e0c805c3493b14efb7a48b76dde9cbfd.jpg,879300.8,110756.5,0.126,valid
CMX_403_e_gir_jpg.rf.60fc60621c70ea3f2d570a97b19bfada.jpg,1205017.4,205898.0,0.171,valid
RS_1113_ecol_jpg.rf.fb245a8293e51c0726a8d1d0aa9ea219.jpg,1402077.8,287896.5,0.205,valid
CMX_1601_frank_jpg.rf.283c79a7e8185fb48ec40a97d348bfa6.jpg,1086782.4,321721.9,0.296,valid
CMX_1414_frank_jpg.rf.c62451dbe04bc30861090c24790eb6c2.jpg,1529122.0,292508.1,0.191,valid
RS_1323_montgomery_jpg.rf.f54fe184e8aa5f20bd05f337c33347ad.jpg,900359.2,179121.6,0.199,valid
RS_1468_ewilt_png.rf.525d21f6b69f17f0e0f2c096d195140c.jpg,1612389.5,309557.2,0.192,valid
CMX_1108_12_frank_jpg.rf.cd8a13a3c9ae403e7600750921b8f0dd.jpg,1439446.5,277866.1,0.193,valid
RS_429_belgrade_jpg.rf.b484aba0c41e721f5030c8e127a0827b.jpg,1120826.9,130259.8,0.116,test
CMX_2236_38_frank_jpg.rf.064d6a83d088e3feeb0ee34970ccf3f0.jpg,1296111.3,198961.2,0.154,test
RS_2050_trenton_jpg.rf.b383df9b416ed2fef8345823ca3f80c7.jpg,1381632.4,172354.6,0.125,test
RS_2223_e_sus_jpg.rf.5d029a7aafda43a62db9662825579cc8.jpg,1147954.8,180186.0,0.157,test
RS_1249_marlborough_png.rf.31c3dc6d788c0e892e8902f90e19dc47.jpg,1554008.8,248090.0,0.16,test
RS_2328_almond_jpg.rf.295eb34b1d509de2e4ab93467293d249.jpg,1398886.4,302884.2,0.217,test
RS_1410_emerick_jpg.rf.251c831e85a4ac09a97305309e7a694f.jpg,1101007.9,224378.0,0.204,test
RS_812_almond_jpg.rf.3ba5beef299df6b60a2a2dda37858a99.jpg,1424060.9,232862.8,0.164,test
RS_1450_ewilt_png.rf.b48ee63244a51174c75cfee491b6963c.jpg,1609574.3,140808.9,0.087,test
RS_1221_ecol_jpg.rf.95fb3d72781c537d4a956981fc192a7c.jpg,1489163.5,207438.9,0.139,test
CMX_1836_frank_jpg.rf.ccf566211901c46cae99124384d87b39.jpg,1218669.9,165198.9,0.136,test
RS_1352_crease_jpg.rf.31ae95f31c0d5ab6921f47e3f7c7c967.jpg,1421924.4,132516.3,0.093,test
CMX_437_e_gir_jpg.rf.acb72f4e848b9a63a1fe6dcbe7960494.jpg,1328672.7,205950.5,0.155,test
RS_1228_ecol_jpg.rf.c6e8d18418b8fbeecf926f0146098f80.jpg,1343395.6,323703.0,0.241,test
RS_1221_epalmer_png.rf.316c4f8602956a084f4eca183df6fef1.jpg,1448755.4,278007.0,0.192,test
RS_1345_ecol_jpg.rf.9f1ed213d16b2d376ec8d156422913b6.jpg,1488684.8,396187.1,0.266,test
RS_1211_17_day_png.rf.44fd4e763dc00a1d8135958e342586ba.jpg,1522886.1,92704.1,0.061,test
RS_1401_e_columbia_jpg.rf.c3e0516707f4b5649824f8bf084b9a28.jpg,1209782.9,277761.1,0.23,test
RS_1215_epalmer_png.rf.c0c5df242d6c1689ebd4a7c1b075b90c.jpg,1382774.2,233989.0,0.169,test
RS_461_moyer_png.rf.b7f4e7e2804339ed141ded557781aff4.jpg,1521373.2,222666.2,0.146,test
CMX_2223_trent_png.rf.73443c8b6b94135368fb71579741ae97.jpg,874700.5,165157.5,0.189,test
CMX_2228_frank_jpg.rf.f0edd19a1362f710e3caeab5eb274b55.jpg,1553642.8,523005.2,0.337,test
RS_1234-36_montgomery_jpg.rf.46545fc3824e22689708dff2cc3efa18.jpg,1128706.4,193172.5,0.171,test
RS_2315_sepviva_png.rf.c981256c8afa03ab597ad1b3703aff1c.jpg,1324328.1,189941.4,0.143,test
RS_1314_e_hewson_png.rf.09af9aaab2bc6c4f8f6bcffdcdafe8a9.jpg,1076064.1,128604.9,0.12,test
CMX_1859_blair_update_png.rf.54fbca3aeeb1632032de6244952b2d1a.jpg,1188541.4,214395.3,0.18,test
CMX_1148_frank_jpg.rf.480ec23c6fcde45b544a5d3bbf348acc.jpg,865011.6,148373.3,0.172,test
RS_1316_e_hewson_png.rf.d0eb539ec477e40abac833a454d137a4.jpg,1027407.7,202366.6,0.197,test
RS_2330_almond_jpg.rf.2d29e39f825f654a9d05fc83f5ca5e21.jpg,1323089.0,302460.9,0.229,test
RS_2308_e_sus_jpg.rf.da561f656ff967b70483eb0daa65ee9c.jpg,1148749.4,158237.0,0.138,test
CMX_439_e_girard_jpg.rf.23f165992fa7959506f63e3d2ad509ed.jpg,1358671.1,122146.6,0.09,test
CMX_1358_marlb_png.rf.512dbc30940de33d10034a9b17b5493e.jpg,908628.6,150215.3,0.165,test
CMX_1350_marlb_png.rf.b9cddf72b24c7a82087321164220dd13.jpg,1127605.9,189952.4,0.168,test
CMX_1850_frank_jpg.rf.0522ee1f946c966bdbef3805f16201b9.jpg,1376182.7,422815.5,0.307,test
CMX_1806_frank_jpg.rf.1995f07b68de6bc6b9f78c3f975f79f3.jpg,1484590.8,260515.7,0.175,test
RS_220_e_thompson_jpg.rf.2387a449d72167e7917813bb4b8042cd.jpg,1150118.7,153452.7,0.133,test
CMX_1855_blair_update_png.rf.8c67288c5b3c7e49819f4ef010e50ac0.jpg,1163817.6,215510.5,0.185,test
RS_816_almond_jpg.rf.7cf7672685fb5fedeca5c03fbd243f3d.jpg,1379036.2,283493.7,0.206,test
RS_1033_e_palmer_jpg.rf.189095f1c690c5e27dbd79279a838a93.jpg,1071061.1,96270.9,0.09,test
RS_2305_e_sus_jpg.rf.f3aabde7ecd220281c072ac5d151275f.jpg,1464772.2,212960.6,0.145,test
RS_1100_marlborough_jpg.rf.7dda71757ff7324040429fdc8bb103b3.jpg,1087522.9,103706.8,0.095,test
CMX_1505_frank_jpg.rf.190bea934b1fa65a91a3a0f433b67268.jpg,1498716.4,282162.1,0.188,test
RS_1032_ecol_jpg.rf.5bdf0d0a0bbfc96530798c3f40f828df.jpg,1525026.1,401813.7,0.263,test
RS_823_almond_jpg.rf.fc2597741334938ed87c1b3e4a90904e.jpg,1132951.6,192527.5,0.17,test
CMX_2227_blair_png.rf.6a0793f5a78793344e039bbffb451ea0.jpg,706872.5,72589.0,0.103,test
CMX_2028_frank_jpg.rf.a447f207dda0df085d7a6d020e585803.jpg,1453811.8,391880.3,0.27,test
RS_2303_e_sus_update_jpg.rf.60bcb4c908651eef39558c7bfe072920.jpg,1246573.4,128264.2,0.103,test
RS_1355_e_hewson_png.rf.9555b8e0a49086ab420193af6b9a18ec.jpg,956925.0,254181.6,0.266,test
RS_1405_emerick_png.rf.0690d345a67620944bba4aa127613751.jpg,1404054.4,156171.5,0.111,test
CMX_1856_frank_jpg.rf.a254731b4af88da885f018d86908d8fe.jpg,1605875.6,403548.9,0.251,test
RS_1247_marlborough_png.rf.391d3350b8f66ff16c3298f3c04972e0.jpg,1574172.4,264294.4,0.168,test
CMX_1502_08_frank_jpg.rf.ec510f463dad8eb1ab5bd682c7af0bcd.jpg,1331440.9,477431.4,0.359,test
RS_1116_oxford_jpg.rf.dcfaa12bd006c9eb240c8ec4c4d32f93.jpg,1352569.8,336167.2,0.249,test
RS_2024_trenton_jpg.rf.29ac73b8b80c649cf64866351a743c4c.jpg,1238038.2,207992.2,0.168,test
